{
  "social": [
    {
      "title": "social",
      "icon": "share",
      "color": "green",
      "link": "blog",
      "sub": [
        {
          "link": "https://github.com/liyasthomas",
          "icon": "github"
        },
        {
          "link": "https://dev.to/liyasthomas",
          "icon": "dev"
        },
        {
          "link": "https://twitter.com/liyasthomas",
          "icon": "twitter"
        },
        {
          "link": "https://www.linkedin.com/in/liyasthomas",
          "icon": "linkedin"
        },
        {
          "link": "https://api.whatsapp.com/send?phone=919539653962&text=Hi%20Liyas,",
          "icon": "whatsapp"
        }
      ]
    }
  ],
  "gallery": [
    {
      "title": "gallery",
      "icon": "camera-alt",
      "color": "blue",
      "link": "blog",
      "sub": [
        {
          "color": "transparent",
          "title": "Title 1",
          "description": "Description",
          "info": "View photo",
          "img": "../images/assets/about/puff.svg",
          "icon": "twitter",
          "link": "https://liyasthomas.tumblr.com"
        },
        {
          "color": "transparent",
          "title": "Title 2",
          "description": "Description",
          "info": "View photo",
          "img": "../images/assets/about/puff.svg",
          "icon": "linkedin",
          "link": "https://liyasthomas.tumblr.com"
        },
        {
          "color": "transparent",
          "title": "Title 3",
          "description": "Description",
          "info": "View photo",
          "img": "../images/assets/about/puff.svg",
          "icon": "facebook",
          "link": "https://liyasthomas.tumblr.com"
        },
        {
          "color": "transparent",
          "title": "Title 4",
          "description": "Description",
          "info": "View photo",
          "img": "../images/assets/about/puff.svg",
          "icon": "instagram",
          "link": "https://liyasthomas.tumblr.com"
        },
        {
          "color": "transparent",
          "title": "Title 5",
          "description": "Description",
          "info": "View photo",
          "img": "../images/assets/about/puff.svg",
          "icon": "tumblr",
          "link": "https://liyasthomas.tumblr.com"
        }
      ]
    }
  ]
}
