{
  "section1": [
    {
      "title": "screenshots",
      "icon": "get-app",
      "color": "blue",
      "link": "https://liyasthomas.github.io/marcdown",
      "sub": [
        {
          "color": "transparent",
          "title": "Wall",
          "description": "blah",
          "info": "View",
          "img": "https://raw.githubusercontent.com/liyasthomas/marcdown/master/icons/screely.png",
          "icon": "get-app",
          "link": "https://raw.githubusercontent.com/liyasthomas/marcdown/master/icons/screely.png"
        },
        {
          "color": "transparent",
          "title": "Wall",
          "description": "blah",
          "info": "View",
          "img": "https://raw.githubusercontent.com/liyasthomas/marcdown/master/icons/screely2.png",
          "icon": "get-app",
          "link": "https://raw.githubusercontent.com/liyasthomas/marcdown/master/icons/screely2.png"
        }
      ]
    }
  ],
  "section2": [
    {
      "title": "prototyping",
      "icon": "language",
      "color": "red",
      "link": "https://liyasthomas.github.io/marcdown",
      "sub": [
        {
          "color": "transparent",
          "title": "Wall",
          "description": "blah",
          "info": "View",
          "img": "../images/assets/proto/figma.svg",
          "icon": "get-app",
          "link": "../images/assets/proto/figma.svg"
        },
        {
          "color": "transparent",
          "title": "Wall",
          "description": "blah",
          "info": "View",
          "img": "../images/assets/proto/lunacy.svg",
          "icon": "get-app",
          "link": "../images/assets/proto/lunacy.svg"
        }
      ]
    }
  ],
  "section3": [
    {
      "title": "Stack",
      "icon": "code",
      "color": "black",
      "link": "https://liyasthomas.github.io/marcdown",
      "sub": [
        {
          "color": "transparent",
          "title": "Wall",
          "description": "blah",
          "info": "View",
          "img": "../images/assets/stack/js.svg",
          "icon": "get-app",
          "link": "../images/assets/stack/js.svg"
        },
        {
          "color": "transparent",
          "title": "Wall",
          "description": "blah",
          "info": "View",
          "img": "../images/assets/stack/htmlcss.svg",
          "icon": "get-app",
          "link": "../images/assets/stack/htmlcss.svg"
        }
      ]
    }
  ],
  "similar": [
    {
      "title": "similar",
      "icon": "group",
      "color": "blue-grey",
      "link": "projects",
      "sub": [
        {
          "color": "indigo",
          "title": "AEIOU",
          "description": "Platform to make augmented reality fun and interactive",
          "info": "Read more",
          "img": "../images/assets/projects/aeiou.svg",
          "icon": "arrow-forward",
          "link": "project/aeiou"
        },
        {
          "color": "light-blue",
          "title": "Lvr",
          "description": "Virtual and Augmented Reality for everyone!",
          "info": "Read more",
          "img": "../images/assets/projects/lvr.svg",
          "icon": "arrow-forward",
          "link": "project/lvr"
        }
      ]
    }
  ]
}
